<font>
  <info face="simplificaWhite" size="72" bold="0" italic="0" charset="" unicode="" stretchH="100" smooth="1" aa="1" padding="2,2,2,2" spacing="0,0" outline="0"/>
  <common lineHeight="72" base="57" scaleW="254" scaleH="507" pages="1" packed="0"/>
  <pages>
    <page id="0" file="simplificaWhite.png"/>
  </pages>
  <chars count="91">
    <char id="97" x="2" y="2" width="22" height="39" xoffset="0" yoffset="21" xadvance="24" page="0" chnl="15"/>
    <char id="98" x="2" y="43" width="22" height="54" xoffset="0" yoffset="6" xadvance="24" page="0" chnl="15"/>
    <char id="99" x="2" y="99" width="22" height="39" xoffset="0" yoffset="21" xadvance="24" page="0" chnl="15"/>
    <char id="100" x="2" y="140" width="21" height="54" xoffset="0" yoffset="6" xadvance="24" page="0" chnl="15"/>
    <char id="101" x="2" y="196" width="22" height="39" xoffset="0" yoffset="21" xadvance="24" page="0" chnl="15"/>
    <char id="102" x="2" y="237" width="19" height="70" xoffset="-6" yoffset="6" xadvance="12" page="0" chnl="15"/>
    <char id="103" x="2" y="309" width="22" height="55" xoffset="0" yoffset="21" xadvance="24" page="0" chnl="15"/>
    <char id="104" x="25" y="140" width="22" height="54" xoffset="0" yoffset="6" xadvance="24" page="0" chnl="15"/>
    <char id="105" x="23" y="237" width="7" height="50" xoffset="0" yoffset="9" xadvance="10" page="0" chnl="15"/>
    <char id="106" x="26" y="2" width="11" height="66" xoffset="-4" yoffset="10" xadvance="10" page="0" chnl="15"/>
    <char id="107" x="26" y="70" width="23" height="54" xoffset="0" yoffset="6" xadvance="23" page="0" chnl="15"/>
    <char id="108" x="39" y="2" width="5" height="54" xoffset="0" yoffset="6" xadvance="8" page="0" chnl="15"/>
    <char id="109" x="26" y="196" width="39" height="38" xoffset="0" yoffset="21" xadvance="41" page="0" chnl="15"/>
    <char id="110" x="46" y="2" width="22" height="38" xoffset="0" yoffset="21" xadvance="24" page="0" chnl="15"/>
    <char id="111" x="49" y="126" width="22" height="39" xoffset="0" yoffset="21" xadvance="24" page="0" chnl="15"/>
    <char id="112" x="51" y="42" width="22" height="54" xoffset="0" yoffset="21" xadvance="24" page="0" chnl="15"/>
    <char id="113" x="2" y="366" width="21" height="54" xoffset="0" yoffset="21" xadvance="24" page="0" chnl="15"/>
    <char id="114" x="70" y="2" width="17" height="38" xoffset="0" yoffset="21" xadvance="19" page="0" chnl="15"/>
    <char id="115" x="2" y="422" width="22" height="39" xoffset="0" yoffset="21" xadvance="24" page="0" chnl="15"/>
    <char id="116" x="25" y="366" width="13" height="48" xoffset="0" yoffset="12" xadvance="14" page="0" chnl="15"/>
    <char id="117" x="2" y="463" width="21" height="38" xoffset="0" yoffset="22" xadvance="24" page="0" chnl="15"/>
    <char id="118" x="25" y="463" width="24" height="38" xoffset="-1" yoffset="22" xadvance="24" page="0" chnl="15"/>
    <char id="119" x="26" y="416" width="36" height="38" xoffset="-1" yoffset="22" xadvance="35" page="0" chnl="15"/>
    <char id="120" x="51" y="456" width="23" height="38" xoffset="-1" yoffset="22" xadvance="22" page="0" chnl="15"/>
    <char id="121" x="26" y="289" width="25" height="54" xoffset="-2" yoffset="22" xadvance="23" page="0" chnl="15"/>
    <char id="122" x="32" y="236" width="21" height="38" xoffset="-1" yoffset="22" xadvance="21" page="0" chnl="15"/>
    <char id="65" x="40" y="345" width="28" height="51" xoffset="-1" yoffset="9" xadvance="27" page="0" chnl="15"/>
    <char id="66" x="64" y="398" width="24" height="51" xoffset="0" yoffset="9" xadvance="27" page="0" chnl="15"/>
    <char id="67" x="76" y="451" width="23" height="52" xoffset="0" yoffset="8" xadvance="26" page="0" chnl="15"/>
    <char id="68" x="53" y="276" width="23" height="51" xoffset="0" yoffset="9" xadvance="25" page="0" chnl="15"/>
    <char id="69" x="70" y="329" width="21" height="51" xoffset="0" yoffset="9" xadvance="23" page="0" chnl="15"/>
    <char id="70" x="90" y="382" width="21" height="51" xoffset="0" yoffset="9" xadvance="23" page="0" chnl="15"/>
    <char id="71" x="101" y="435" width="23" height="52" xoffset="0" yoffset="8" xadvance="26" page="0" chnl="15"/>
    <char id="72" x="67" y="167" width="23" height="51" xoffset="0" yoffset="9" xadvance="25" page="0" chnl="15"/>
    <char id="73" x="67" y="220" width="5" height="51" xoffset="0" yoffset="9" xadvance="7" page="0" chnl="15"/>
    <char id="74" x="74" y="220" width="23" height="51" xoffset="0" yoffset="9" xadvance="26" page="0" chnl="15"/>
    <char id="75" x="78" y="273" width="26" height="51" xoffset="0" yoffset="9" xadvance="25" page="0" chnl="15"/>
    <char id="76" x="93" y="326" width="20" height="51" xoffset="0" yoffset="9" xadvance="20" page="0" chnl="15"/>
    <char id="77" x="113" y="379" width="31" height="51" xoffset="0" yoffset="9" xadvance="34" page="0" chnl="15"/>
    <char id="78" x="73" y="98" width="22" height="51" xoffset="0" yoffset="9" xadvance="25" page="0" chnl="15"/>
    <char id="79" x="75" y="42" width="23" height="52" xoffset="0" yoffset="8" xadvance="26" page="0" chnl="15"/>
    <char id="80" x="92" y="151" width="22" height="51" xoffset="0" yoffset="9" xadvance="25" page="0" chnl="15"/>
    <char id="81" x="99" y="204" width="23" height="58" xoffset="0" yoffset="8" xadvance="26" page="0" chnl="15"/>
    <char id="82" x="97" y="96" width="22" height="51" xoffset="0" yoffset="9" xadvance="25" page="0" chnl="15"/>
    <char id="83" x="116" y="149" width="23" height="52" xoffset="0" yoffset="8" xadvance="26" page="0" chnl="15"/>
    <char id="84" x="106" y="264" width="24" height="51" xoffset="-3" yoffset="9" xadvance="22" page="0" chnl="15"/>
    <char id="85" x="124" y="203" width="23" height="51" xoffset="0" yoffset="9" xadvance="26" page="0" chnl="15"/>
    <char id="86" x="115" y="317" width="27" height="51" xoffset="0" yoffset="9" xadvance="28" page="0" chnl="15"/>
    <char id="87" x="132" y="256" width="44" height="51" xoffset="0" yoffset="9" xadvance="45" page="0" chnl="15"/>
    <char id="88" x="144" y="309" width="25" height="51" xoffset="0" yoffset="9" xadvance="25" page="0" chnl="15"/>
    <char id="89" x="126" y="432" width="24" height="51" xoffset="-1" yoffset="9" xadvance="24" page="0" chnl="15"/>
    <char id="90" x="146" y="362" width="22" height="51" xoffset="0" yoffset="9" xadvance="23" page="0" chnl="15"/>
    <char id="33" x="100" y="2" width="8" height="52" xoffset="3" yoffset="8" xadvance="13" page="0" chnl="15"/>
    <char id="8470" x="144" y="362" width="0" height="0" xoffset="0" yoffset="57" xadvance="11" page="0" chnl="15"/>
    <char id="59" x="110" y="2" width="8" height="40" xoffset="0" yoffset="25" xadvance="10" page="0" chnl="15"/>
    <char id="37" x="120" y="2" width="31" height="52" xoffset="0" yoffset="8" xadvance="33" page="0" chnl="15"/>
    <char id="58" x="110" y="44" width="8" height="35" xoffset="0" yoffset="25" xadvance="10" page="0" chnl="15"/>
    <char id="63" x="121" y="56" width="23" height="52" xoffset="0" yoffset="8" xadvance="26" page="0" chnl="15"/>
    <char id="42" x="40" y="398" width="16" height="16" xoffset="0" yoffset="9" xadvance="18" page="0" chnl="15"/>
    <char id="40" x="141" y="110" width="13" height="66" xoffset="0" yoffset="0" xadvance="15" page="0" chnl="15"/>
    <char id="41" x="149" y="178" width="13" height="66" xoffset="0" yoffset="0" xadvance="15" page="0" chnl="15"/>
    <char id="95" x="26" y="456" width="22" height="5" xoffset="0" yoffset="57" xadvance="24" page="0" chnl="15"/>
    <char id="43" x="146" y="56" width="27" height="27" xoffset="0" yoffset="22" xadvance="30" page="0" chnl="15"/>
    <char id="45" x="70" y="382" width="18" height="5" xoffset="0" yoffset="33" xadvance="23" page="0" chnl="15"/>
    <char id="61" x="101" y="489" width="27" height="16" xoffset="0" yoffset="28" xadvance="29" page="0" chnl="15"/>
    <char id="46" x="100" y="56" width="8" height="8" xoffset="0" yoffset="52" xadvance="10" page="0" chnl="15"/>
    <char id="44" x="26" y="126" width="8" height="12" xoffset="0" yoffset="52" xadvance="10" page="0" chnl="15"/>
    <char id="47" x="153" y="2" width="20" height="51" xoffset="-1" yoffset="9" xadvance="22" page="0" chnl="15"/>
    <char id="124" x="156" y="85" width="5" height="66" xoffset="0" yoffset="0" xadvance="7" page="0" chnl="15"/>
    <char id="34" x="55" y="236" width="10" height="16" xoffset="0" yoffset="6" xadvance="13" page="0" chnl="15"/>
    <char id="39" x="141" y="178" width="5" height="16" xoffset="0" yoffset="6" xadvance="10" page="0" chnl="15"/>
    <char id="64" x="163" y="85" width="46" height="49" xoffset="0" yoffset="12" xadvance="49" page="0" chnl="15"/>
    <char id="35" x="163" y="136" width="27" height="27" xoffset="0" yoffset="23" xadvance="29" page="0" chnl="15"/>
    <char id="36" x="175" y="2" width="23" height="57" xoffset="0" yoffset="6" xadvance="26" page="0" chnl="15"/>
    <char id="94" x="175" y="61" width="22" height="18" xoffset="0" yoffset="8" xadvance="24" page="0" chnl="15"/>
    <char id="38" x="200" y="2" width="36" height="52" xoffset="0" yoffset="8" xadvance="38" page="0" chnl="15"/>
    <char id="123" x="164" y="165" width="19" height="66" xoffset="0" yoffset="0" xadvance="22" page="0" chnl="15"/>
    <char id="125" x="152" y="415" width="19" height="66" xoffset="0" yoffset="0" xadvance="22" page="0" chnl="15"/>
    <char id="91" x="171" y="309" width="10" height="66" xoffset="0" yoffset="0" xadvance="13" page="0" chnl="15"/>
    <char id="93" x="178" y="233" width="10" height="66" xoffset="0" yoffset="0" xadvance="13" page="0" chnl="15"/>
    <char id="48" x="185" y="165" width="23" height="52" xoffset="0" yoffset="8" xadvance="26" page="0" chnl="15"/>
    <char id="49" x="173" y="377" width="16" height="51" xoffset="-1" yoffset="9" xadvance="18" page="0" chnl="15"/>
    <char id="50" x="183" y="301" width="23" height="51" xoffset="0" yoffset="8" xadvance="26" page="0" chnl="15"/>
    <char id="51" x="190" y="219" width="23" height="52" xoffset="0" yoffset="8" xadvance="26" page="0" chnl="15"/>
    <char id="52" x="173" y="430" width="22" height="51" xoffset="-1" yoffset="9" xadvance="23" page="0" chnl="15"/>
    <char id="53" x="191" y="354" width="23" height="51" xoffset="0" yoffset="9" xadvance="26" page="0" chnl="15"/>
    <char id="54" x="208" y="273" width="23" height="52" xoffset="0" yoffset="8" xadvance="26" page="0" chnl="15"/>
    <char id="55" x="210" y="136" width="20" height="51" xoffset="-1" yoffset="9" xadvance="22" page="0" chnl="15"/>
    <char id="56" x="211" y="56" width="23" height="52" xoffset="0" yoffset="8" xadvance="26" page="0" chnl="15"/>
    <char id="57" x="215" y="189" width="23" height="52" xoffset="0" yoffset="8" xadvance="26" page="0" chnl="15"/>
    <char id="92" x="232" y="110" width="20" height="51" xoffset="-1" yoffset="9" xadvance="22" page="0" chnl="15"/>
    <char id="32" x="0" y="0" width="0" height="0" xoffset="-1" yoffset="9" xadvance="11" page="0" chnl="15"/>
  </chars>
  <kernings count="180">
    <kerning first="101" second="103" amount="0"/>
    <kerning first="101" second="105" amount="-1"/>
    <kerning first="101" second="108" amount="0"/>
    <kerning first="101" second="109" amount="0"/>
    <kerning first="101" second="114" amount="-2"/>
    <kerning first="101" second="115" amount="-1"/>
    <kerning first="101" second="116" amount="0"/>
    <kerning first="101" second="97" amount="-1"/>
    <kerning first="101" second="98" amount="0"/>
    <kerning first="103" second="101" amount="1"/>
    <kerning first="103" second="108" amount="1"/>
    <kerning first="104" second="118" amount="0"/>
    <kerning first="104" second="97" amount="0"/>
    <kerning first="105" second="101" amount="1"/>
    <kerning first="105" second="108" amount="2"/>
    <kerning first="105" second="109" amount="1"/>
    <kerning first="105" second="110" amount="1"/>
    <kerning first="105" second="115" amount="0"/>
    <kerning first="105" second="116" amount="2"/>
    <kerning first="105" second="118" amount="1"/>
    <kerning first="105" second="99" amount="1"/>
    <kerning first="106" second="97" amount="0"/>
    <kerning first="107" second="101" amount="-2"/>
    <kerning first="107" second="104" amount="-1"/>
    <kerning first="107" second="105" amount="-1"/>
    <kerning first="107" second="111" amount="-1"/>
    <kerning first="107" second="114" amount="-2"/>
    <kerning first="107" second="115" amount="-2"/>
    <kerning first="107" second="118" amount="-1"/>
    <kerning first="107" second="121" amount="-1"/>
    <kerning first="107" second="97" amount="-1"/>
    <kerning first="107" second="99" amount="-1"/>
    <kerning first="108" second="105" amount="-1"/>
    <kerning first="108" second="116" amount="0"/>
    <kerning first="108" second="97" amount="0"/>
    <kerning first="109" second="116" amount="1"/>
    <kerning first="110" second="107" amount="0"/>
    <kerning first="110" second="97" amount="0"/>
    <kerning first="111" second="114" amount="-1"/>
    <kerning first="112" second="105" amount="0"/>
    <kerning first="112" second="97" amount="0"/>
    <kerning first="114" second="101" amount="-3"/>
    <kerning first="114" second="103" amount="-3"/>
    <kerning first="114" second="104" amount="-1"/>
    <kerning first="114" second="105" amount="-1"/>
    <kerning first="114" second="110" amount="-1"/>
    <kerning first="114" second="111" amount="-1"/>
    <kerning first="114" second="113" amount="-1"/>
    <kerning first="114" second="114" amount="-1"/>
    <kerning first="114" second="115" amount="-3"/>
    <kerning first="114" second="117" amount="-1"/>
    <kerning first="114" second="100" amount="-2"/>
    <kerning first="114" second="97" amount="-3"/>
    <kerning first="115" second="105" amount="-2"/>
    <kerning first="115" second="115" amount="0"/>
    <kerning first="115" second="116" amount="0"/>
    <kerning first="115" second="117" amount="0"/>
    <kerning first="115" second="97" amount="0"/>
    <kerning first="116" second="101" amount="-1"/>
    <kerning first="116" second="105" amount="-1"/>
    <kerning first="116" second="111" amount="-1"/>
    <kerning first="116" second="114" amount="-1"/>
    <kerning first="116" second="117" amount="0"/>
    <kerning first="117" second="101" amount="0"/>
    <kerning first="117" second="102" amount="1"/>
    <kerning first="117" second="108" amount="0"/>
    <kerning first="117" second="109" amount="1"/>
    <kerning first="117" second="115" amount="0"/>
    <kerning first="117" second="118" amount="0"/>
    <kerning first="118" second="111" amount="0"/>
    <kerning first="118" second="97" amount="0"/>
    <kerning first="119" second="111" amount="0"/>
    <kerning first="122" second="117" amount="-1"/>
    <kerning first="65" second="84" amount="-1"/>
    <kerning first="65" second="86" amount="-5"/>
    <kerning first="68" second="105" amount="0"/>
    <kerning first="69" second="105" amount="-1"/>
    <kerning first="69" second="71" amount="-1"/>
    <kerning first="69" second="83" amount="0"/>
    <kerning first="70" second="111" amount="-2"/>
    <kerning first="70" second="114" amount="-2"/>
    <kerning first="70" second="117" amount="0"/>
    <kerning first="70" second="77" amount="0"/>
    <kerning first="70" second="97" amount="-2"/>
    <kerning first="72" second="82" amount="0"/>
    <kerning first="72" second="87" amount="0"/>
    <kerning first="73" second="69" amount="1"/>
    <kerning first="73" second="78" amount="1"/>
    <kerning first="73" second="99" amount="1"/>
    <kerning first="75" second="114" amount="-1"/>
    <kerning first="75" second="83" amount="-1"/>
    <kerning first="76" second="84" amount="-3"/>
    <kerning first="77" second="69" amount="1"/>
    <kerning first="78" second="66" amount="1"/>
    <kerning first="78" second="69" amount="1"/>
    <kerning first="78" second="73" amount="1"/>
    <kerning first="78" second="78" amount="1"/>
    <kerning first="79" second="89" amount="-1"/>
    <kerning first="80" second="101" amount="-1"/>
    <kerning first="80" second="103" amount="-1"/>
    <kerning first="80" second="105" amount="-1"/>
    <kerning first="80" second="106" amount="-1"/>
    <kerning first="80" second="111" amount="-1"/>
    <kerning first="80" second="113" amount="-1"/>
    <kerning first="80" second="115" amount="-1"/>
    <kerning first="80" second="117" amount="-1"/>
    <kerning first="80" second="120" amount="-1"/>
    <kerning first="80" second="121" amount="-1"/>
    <kerning first="80" second="65" amount="-3"/>
    <kerning first="80" second="86" amount="-1"/>
    <kerning first="80" second="100" amount="-1"/>
    <kerning first="80" second="97" amount="-1"/>
    <kerning first="80" second="99" amount="-1"/>
    <kerning first="82" second="101" amount="-1"/>
    <kerning first="82" second="68" amount="-1"/>
    <kerning first="82" second="83" amount="-1"/>
    <kerning first="82" second="84" amount="-1"/>
    <kerning first="83" second="65" amount="0"/>
    <kerning first="83" second="67" amount="0"/>
    <kerning first="83" second="84" amount="-1"/>
    <kerning first="84" second="101" amount="-4"/>
    <kerning first="84" second="102" amount="-1"/>
    <kerning first="84" second="103" amount="-4"/>
    <kerning first="84" second="106" amount="-1"/>
    <kerning first="84" second="109" amount="-4"/>
    <kerning first="84" second="110" amount="-4"/>
    <kerning first="84" second="111" amount="-4"/>
    <kerning first="84" second="112" amount="-3"/>
    <kerning first="84" second="113" amount="-4"/>
    <kerning first="84" second="114" amount="-4"/>
    <kerning first="84" second="115" amount="-4"/>
    <kerning first="84" second="117" amount="-4"/>
    <kerning first="84" second="118" amount="-4"/>
    <kerning first="84" second="119" amount="-4"/>
    <kerning first="84" second="120" amount="-4"/>
    <kerning first="84" second="121" amount="-4"/>
    <kerning first="84" second="122" amount="-2"/>
    <kerning first="84" second="65" amount="-1"/>
    <kerning first="84" second="83" amount="-1"/>
    <kerning first="84" second="100" amount="-4"/>
    <kerning first="84" second="97" amount="-4"/>
    <kerning first="84" second="99" amount="-4"/>
    <kerning first="85" second="70" amount="1"/>
    <kerning first="86" second="101" amount="-3"/>
    <kerning first="86" second="103" amount="-3"/>
    <kerning first="86" second="106" amount="-1"/>
    <kerning first="86" second="111" amount="-3"/>
    <kerning first="86" second="112" amount="-1"/>
    <kerning first="86" second="113" amount="-2"/>
    <kerning first="86" second="117" amount="-1"/>
    <kerning first="86" second="120" amount="-1"/>
    <kerning first="86" second="121" amount="-2"/>
    <kerning first="86" second="73" amount="1"/>
    <kerning first="86" second="79" amount="-1"/>
    <kerning first="86" second="100" amount="-3"/>
    <kerning first="86" second="97" amount="-3"/>
    <kerning first="86" second="99" amount="-3"/>
    <kerning first="87" second="101" amount="-1"/>
    <kerning first="87" second="65" amount="-5"/>
    <kerning first="87" second="79" amount="-1"/>
    <kerning first="50" second="52" amount="-3"/>
    <kerning first="50" second="53" amount="-1"/>
    <kerning first="55" second="48" amount="-1"/>
    <kerning first="55" second="50" amount="-1"/>
    <kerning first="55" second="51" amount="-1"/>
    <kerning first="55" second="52" amount="-4"/>
    <kerning first="55" second="53" amount="-1"/>
    <kerning first="55" second="54" amount="-1"/>
    <kerning first="55" second="56" amount="-1"/>
    <kerning first="55" second="57" amount="-1"/>
    <kerning first="100" second="101" amount="0"/>
    <kerning first="97" second="105" amount="0"/>
    <kerning first="97" second="106" amount="-1"/>
    <kerning first="97" second="114" amount="0"/>
    <kerning first="97" second="116" amount="1"/>
    <kerning first="97" second="117" amount="0"/>
    <kerning first="97" second="121" amount="0"/>
    <kerning first="97" second="98" amount="0"/>
    <kerning first="98" second="105" amount="-1"/>
    <kerning first="99" second="104" amount="-1"/>
  </kernings>
</font>