{
    "frames": [{
        "filename": "Hover1",
        "frame": {
            "x": 188,
            "y": 76,
            "w": 57,
            "h": 38
        },
        "rotated": false,
        "trimmed": false,
        "spriteSourceSize": {
            "x": 0,
            "y": 0,
            "w": 57,
            "h": 38
        },
        "sourceSize": {
            "w": 57,
            "h": 38
        }
    }, {
        "filename": "Hover2",
        "frame": {
            "x": 123,
            "y": 144,
            "w": 56,
            "h": 37
        },
        "rotated": false,
        "trimmed": false,
        "spriteSourceSize": {
            "x": 0,
            "y": 0,
            "w": 56,
            "h": 37
        },
        "sourceSize": {
            "w": 56,
            "h": 37
        }
    }, {
        "filename": "Hover3",
        "frame": {
            "x": 0,
            "y": 182,
            "w": 59,
            "h": 41
        },
        "rotated": false,
        "trimmed": false,
        "spriteSourceSize": {
            "x": 0,
            "y": 0,
            "w": 59,
            "h": 41
        },
        "sourceSize": {
            "w": 59,
            "h": 41
        }
    }, {
        "filename": "Hover4",
        "frame": {
            "x": 188,
            "y": 174,
            "w": 58,
            "h": 36
        },
        "rotated": false,
        "trimmed": false,
        "spriteSourceSize": {
            "x": 0,
            "y": 0,
            "w": 58,
            "h": 36
        },
        "sourceSize": {
            "w": 58,
            "h": 36
        }
    }, {
        "filename": "Hover5",
        "frame": {
            "x": 123,
            "y": 69,
            "w": 56,
            "h": 36
        },
        "rotated": false,
        "trimmed": false,
        "spriteSourceSize": {
            "x": 0,
            "y": 0,
            "w": 56,
            "h": 36
        },
        "sourceSize": {
            "w": 56,
            "h": 36
        }
    }, {
        "filename": "Hover6",
        "frame": {
            "x": 74,
            "y": 182,
            "w": 58,
            "h": 37
        },
        "rotated": false,
        "trimmed": false,
        "spriteSourceSize": {
            "x": 0,
            "y": 0,
            "w": 58,
            "h": 37
        },
        "sourceSize": {
            "w": 58,
            "h": 37
        }
    }, {
        "filename": "Hover7",
        "frame": {
            "x": 123,
            "y": 0,
            "w": 57,
            "h": 34
        },
        "rotated": false,
        "trimmed": false,
        "spriteSourceSize": {
            "x": 0,
            "y": 0,
            "w": 57,
            "h": 34
        },
        "sourceSize": {
            "w": 57,
            "h": 34
        }
    }, {
        "filename": "Hover8",
        "frame": {
            "x": 188,
            "y": 139,
            "w": 59,
            "h": 34
        },
        "rotated": false,
        "trimmed": false,
        "spriteSourceSize": {
            "x": 0,
            "y": 0,
            "w": 59,
            "h": 34
        },
        "sourceSize": {
            "w": 59,
            "h": 34
        }
    }, {
        "filename": "Hover9",
        "frame": {
            "x": 123,
            "y": 35,
            "w": 57,
            "h": 33
        },
        "rotated": false,
        "trimmed": false,
        "spriteSourceSize": {
            "x": 0,
            "y": 0,
            "w": 57,
            "h": 33
        },
        "sourceSize": {
            "w": 57,
            "h": 33
        }
    }, {
        "filename": "Hover10",
        "frame": {
            "x": 123,
            "y": 106,
            "w": 57,
            "h": 37
        },
        "rotated": false,
        "trimmed": false,
        "spriteSourceSize": {
            "x": 0,
            "y": 0,
            "w": 57,
            "h": 37
        },
        "sourceSize": {
            "w": 57,
            "h": 37
        }
    }, {
        "filename": "Hover11",
        "frame": {
            "x": 66,
            "y": 0,
            "w": 56,
            "h": 37
        },
        "rotated": false,
        "trimmed": false,
        "spriteSourceSize": {
            "x": 0,
            "y": 0,
            "w": 56,
            "h": 37
        },
        "sourceSize": {
            "w": 56,
            "h": 37
        }
    }, {
        "filename": "Hover12",
        "frame": {
            "x": 188,
            "y": 0,
            "w": 60,
            "h": 40
        },
        "rotated": false,
        "trimmed": false,
        "spriteSourceSize": {
            "x": 0,
            "y": 0,
            "w": 60,
            "h": 40
        },
        "sourceSize": {
            "w": 60,
            "h": 40
        }
    }, {
        "filename": "Laser1",
        "frame": {
            "x": 33,
            "y": 123,
            "w": 11,
            "h": 37
        },
        "rotated": false,
        "trimmed": false,
        "spriteSourceSize": {
            "x": 0,
            "y": 0,
            "w": 11,
            "h": 37
        },
        "sourceSize": {
            "w": 11,
            "h": 37
        }
    }, {
        "filename": "Laser2",
        "frame": {
            "x": 66,
            "y": 101,
            "w": 8,
            "h": 75
        },
        "rotated": false,
        "trimmed": false,
        "spriteSourceSize": {
            "x": 0,
            "y": 0,
            "w": 8,
            "h": 75
        },
        "sourceSize": {
            "w": 8,
            "h": 75
        }
    }, {
        "filename": "Laser3",
        "frame": {
            "x": 0,
            "y": 0,
            "w": 8,
            "h": 85
        },
        "rotated": false,
        "trimmed": false,
        "spriteSourceSize": {
            "x": 0,
            "y": 0,
            "w": 8,
            "h": 85
        },
        "sourceSize": {
            "w": 8,
            "h": 85
        }
    }, {
        "filename": "Laser4",
        "frame": {
            "x": 0,
            "y": 86,
            "w": 7,
            "h": 95
        },
        "rotated": false,
        "trimmed": false,
        "spriteSourceSize": {
            "x": 0,
            "y": 0,
            "w": 7,
            "h": 95
        },
        "sourceSize": {
            "w": 7,
            "h": 95
        }
    }, {
        "filename": "Laser5",
        "frame": {
            "x": 17,
            "y": 38,
            "w": 5,
            "h": 99
        },
        "rotated": false,
        "trimmed": false,
        "spriteSourceSize": {
            "x": 0,
            "y": 0,
            "w": 5,
            "h": 99
        },
        "sourceSize": {
            "w": 5,
            "h": 99
        }
    }, {
        "filename": "Laser6",
        "frame": {
            "x": 181,
            "y": 0,
            "w": 6,
            "h": 161
        },
        "rotated": false,
        "trimmed": false,
        "spriteSourceSize": {
            "x": 0,
            "y": 0,
            "w": 6,
            "h": 161
        },
        "sourceSize": {
            "w": 6,
            "h": 161
        }
    }, {
        "filename": "Laser7",
        "frame": {
            "x": 9,
            "y": 38,
            "w": 7,
            "h": 105
        },
        "rotated": false,
        "trimmed": false,
        "spriteSourceSize": {
            "x": 0,
            "y": 0,
            "w": 7,
            "h": 105
        },
        "sourceSize": {
            "w": 7,
            "h": 105
        }
    }, {
        "filename": "Laser8",
        "frame": {
            "x": 24,
            "y": 95,
            "w": 8,
            "h": 85
        },
        "rotated": false,
        "trimmed": false,
        "spriteSourceSize": {
            "x": 0,
            "y": 0,
            "w": 8,
            "h": 85
        },
        "sourceSize": {
            "w": 8,
            "h": 85
        }
    }, {
        "filename": "Laser9",
        "frame": {
            "x": 114,
            "y": 38,
            "w": 6,
            "h": 49
        },
        "rotated": false,
        "trimmed": false,
        "spriteSourceSize": {
            "x": 0,
            "y": 0,
            "w": 6,
            "h": 49
        },
        "sourceSize": {
            "w": 6,
            "h": 49
        }
    }, {
        "filename": "Blast1",
        "frame": {
            "x": 75,
            "y": 118,
            "w": 35,
            "h": 43
        },
        "rotated": false,
        "trimmed": false,
        "spriteSourceSize": {
            "x": 0,
            "y": 0,
            "w": 35,
            "h": 43
        },
        "sourceSize": {
            "w": 35,
            "h": 43
        }
    }, {
        "filename": "Blast2",
        "frame": {
            "x": 24,
            "y": 0,
            "w": 41,
            "h": 77
        },
        "rotated": false,
        "trimmed": false,
        "spriteSourceSize": {
            "x": 0,
            "y": 0,
            "w": 41,
            "h": 77
        },
        "sourceSize": {
            "w": 41,
            "h": 77
        }
    }, {
        "filename": "Blast3",
        "frame": {
            "x": 66,
            "y": 38,
            "w": 47,
            "h": 62
        },
        "rotated": false,
        "trimmed": false,
        "spriteSourceSize": {
            "x": 0,
            "y": 0,
            "w": 47,
            "h": 62
        },
        "sourceSize": {
            "w": 47,
            "h": 62
        }
    }, {
        "filename": "Bolt1",
        "frame": {
            "x": 60,
            "y": 182,
            "w": 13,
            "h": 39
        },
        "rotated": false,
        "trimmed": false,
        "spriteSourceSize": {
            "x": 0,
            "y": 0,
            "w": 13,
            "h": 39
        },
        "sourceSize": {
            "w": 13,
            "h": 39
        }
    }, {
        "filename": "Bolt2",
        "frame": {
            "x": 9,
            "y": 0,
            "w": 14,
            "h": 37
        },
        "rotated": false,
        "trimmed": false,
        "spriteSourceSize": {
            "x": 0,
            "y": 0,
            "w": 14,
            "h": 37
        },
        "sourceSize": {
            "w": 14,
            "h": 37
        }
    }, {
        "filename": "Bolt3",
        "frame": {
            "x": 160,
            "y": 182,
            "w": 12,
            "h": 20
        },
        "rotated": false,
        "trimmed": false,
        "spriteSourceSize": {
            "x": 0,
            "y": 0,
            "w": 12,
            "h": 20
        },
        "sourceSize": {
            "w": 12,
            "h": 20
        }
    }, {
        "filename": "Bolt4",
        "frame": {
            "x": 9,
            "y": 144,
            "w": 11,
            "h": 15
        },
        "rotated": false,
        "trimmed": false,
        "spriteSourceSize": {
            "x": 0,
            "y": 0,
            "w": 11,
            "h": 15
        },
        "sourceSize": {
            "w": 11,
            "h": 15
        }
    }, {
        "filename": "BuildUp1",
        "frame": {
            "x": 188,
            "y": 115,
            "w": 30,
            "h": 23
        },
        "rotated": false,
        "trimmed": false,
        "spriteSourceSize": {
            "x": 0,
            "y": 0,
            "w": 30,
            "h": 23
        },
        "sourceSize": {
            "w": 30,
            "h": 23
        }
    }, {
        "filename": "BuildUp2",
        "frame": {
            "x": 33,
            "y": 95,
            "w": 22,
            "h": 27
        },
        "rotated": false,
        "trimmed": false,
        "spriteSourceSize": {
            "x": 0,
            "y": 0,
            "w": 22,
            "h": 27
        },
        "sourceSize": {
            "w": 22,
            "h": 27
        }
    }, {
        "filename": "BuildUp3",
        "frame": {
            "x": 188,
            "y": 41,
            "w": 28,
            "h": 34
        },
        "rotated": false,
        "trimmed": false,
        "spriteSourceSize": {
            "x": 0,
            "y": 0,
            "w": 28,
            "h": 34
        },
        "sourceSize": {
            "w": 28,
            "h": 34
        }
    }, {
        "filename": "BuildUp4",
        "frame": {
            "x": 133,
            "y": 182,
            "w": 26,
            "h": 37
        },
        "rotated": false,
        "trimmed": false,
        "spriteSourceSize": {
            "x": 0,
            "y": 0,
            "w": 26,
            "h": 37
        },
        "sourceSize": {
            "w": 26,
            "h": 37
        }
    }, {
        "filename": "HoverCircle1",
        "frame": {
            "x": 24,
            "y": 78,
            "w": 41,
            "h": 16
        },
        "rotated": false,
        "trimmed": false,
        "spriteSourceSize": {
            "x": 0,
            "y": 0,
            "w": 41,
            "h": 16
        },
        "sourceSize": {
            "w": 41,
            "h": 16
        }
    }, {
        "filename": "HoverCircle2",
        "frame": {
            "x": 75,
            "y": 101,
            "w": 37,
            "h": 16
        },
        "rotated": false,
        "trimmed": false,
        "spriteSourceSize": {
            "x": 0,
            "y": 0,
            "w": 37,
            "h": 16
        },
        "sourceSize": {
            "w": 37,
            "h": 16
        }
    }],
    "meta": {
        "app": "https://www.leshylabs.com/apps/sstool/",
        "version": "Lasereshy SpriteSheet Tool v0.8.4",
        "image": "ufo-sheet_2.png",
        "size": {
            "w": 248,
            "h": 223
        },
        "scale": 1
    }
}