{"frames":[{"filename":"sprite1","frame":{"x":0,"y":0,"w":57,"h":31},"rotated":false,"trimmed":false,"spriteSourceSize":{"x":0,"y":0,"w":57,"h":31},"sourceSize":{"w":57,"h":31}},{"filename":"sprite2","frame":{"x":0,"y":32,"w":57,"h":31},"rotated":false,"trimmed":false,"spriteSourceSize":{"x":0,"y":0,"w":57,"h":31},"sourceSize":{"w":57,"h":31}},{"filename":"sprite3","frame":{"x":0,"y":64,"w":57,"h":31},"rotated":false,"trimmed":false,"spriteSourceSize":{"x":0,"y":0,"w":57,"h":31},"sourceSize":{"w":57,"h":31}},{"filename":"sprite4","frame":{"x":58,"y":0,"w":57,"h":31},"rotated":false,"trimmed":false,"spriteSourceSize":{"x":0,"y":0,"w":57,"h":31},"sourceSize":{"w":57,"h":31}},{"filename":"sprite5","frame":{"x":58,"y":32,"w":57,"h":31},"rotated":false,"trimmed":false,"spriteSourceSize":{"x":0,"y":0,"w":57,"h":31},"sourceSize":{"w":57,"h":31}},{"filename":"sprite6","frame":{"x":58,"y":64,"w":57,"h":31},"rotated":false,"trimmed":false,"spriteSourceSize":{"x":0,"y":0,"w":57,"h":31},"sourceSize":{"w":57,"h":31}}],"meta":{"app":"https://www.leshylabs.com/apps/sstool/","version":"Leshy SpriteSheet Tool v0.8.4","image":"spaceship.png","size":{"w":115,"h":95},"scale":1}}